<?xml version="1.0" encoding="UTF-8"?>
<Defs>
    <!--========================= Tier 4: Hi-tech research bench with multi-analyzer ===================================-->
    <ResearchProjectDef ParentName="ABSPolymerResearchBase">
        <defName>ABSPolymerWeaveProduction</defName>
        <label>ABS Polymer Weave</label>
        <description>Learn to produce ABS Polymer Weave by processing ABS Polymer and Cloth at the ABS Workbench.</description>
        <baseCost>700</baseCost>
        <techLevel>Industrial</techLevel>
        <prerequisites>
            <li>ABSPolymer</li>
        </prerequisites>
        <researchViewX>1</researchViewX>
        <researchViewY>0</researchViewY>
    </ResearchProjectDef>
</Defs>